DATE,WLEMUINDXD
2014/9/1,17.75
2014/9/2,10.42
2014/9/3,7.7
2014/9/4,6.47
2014/9/5,7.79
2014/9/6,11.23
2014/9/7,29.71
2014/9/8,12.31
2014/9/9,9.02
2014/9/10,7.25
2014/9/11,12.54
2014/9/12,7.64
2014/9/13,10.97
2014/9/14,9.76
2014/9/15,12.35
2014/9/16,9.04
2014/9/17,28.42
2014/9/18,6.25
2014/9/19,15.03
2014/9/20,98.08
2014/9/21,19.25
2014/9/22,12.05
2014/9/23,79.78
2014/9/24,60.04
2014/9/25,6.23
2014/9/26,7.56
2014/9/27,10.71
2014/9/28,9.85
2014/9/29,12.1
2014/9/30,44.64
2014/10/1,21.84
2014/10/2,19.45
2014/10/3,7.53
2014/10/4,10.98
2014/10/5,9.62
2014/10/6,11.88
2014/10/7,54.57
2014/10/8,7.23
2014/10/9,25.72
2014/10/10,113.77
2014/10/11,32.98
2014/10/12,29.31
2014/10/13,24.56
2014/10/14,9.09
2014/10/15,14.47
2014/10/16,45.37
2014/10/17,83.92
2014/10/18,21.84
2014/10/19,9.69
2014/10/20,11.96
2014/10/21,26.71
2014/10/22,28.07
2014/10/23,6.6
2014/10/24,15.19
2014/10/25,21.61
2014/10/26,27.06
2014/10/27,33.76
2014/10/28,9
2014/10/29,21.58
2014/10/30,24.41
2014/10/31,7.5
2014/11/1,10.87
2014/11/2,9.64
2014/11/3,24.16
2014/11/4,9.03
2014/11/5,7.01
2014/11/6,6.2
2014/11/7,7.84
2014/11/8,11.49
2014/11/9,19.7
2014/11/10,11.99
2014/11/11,19.17
2014/11/12,7.68
2014/11/13,12.34
2014/11/14,15.58
2014/11/15,11.45
2014/11/16,29.8
2014/11/17,11.98
2014/11/18,9.24
2014/11/19,7.49
2014/11/20,6.34
2014/11/21,8
2014/11/22,11.58
2014/11/23,9.92
2014/11/24,36.39
2014/11/25,18.63
2014/11/26,7.82
2014/11/27,17.74
2014/11/28,9.85
2014/11/29,13.1
2014/11/30,10.73
2014/12/1,12.07
2014/12/2,9.35
2014/12/3,7.59
2014/12/4,12.95
2014/12/5,15.79
2014/12/6,11.85
2014/12/7,20.12
2014/12/8,24.09
2014/12/9,8.98
2014/12/10,14.79
2014/12/11,6.44
2014/12/12,31.89
2014/12/13,11.86
2014/12/14,51.64
2014/12/15,12.13
2014/12/16,9.14
2014/12/17,45.86
2014/12/18,85.59
2014/12/19,15.75
2014/12/20,12.23
2014/12/21,10.61
2014/12/22,12.53
2014/12/23,9.82
2014/12/24,17.29
2014/12/25,11.4
2014/12/26,10.8
2014/12/27,13.85
2014/12/28,32.98
2014/12/29,12.87
2014/12/30,30.1
2014/12/31,101.77
2015/1/1,54.58
2015/1/2,20.38
2015/1/3,65.17
2015/1/4,64.23
2015/1/5,12.53
2015/1/6,9.34
2015/1/7,14.97
2015/1/8,26.03
2015/1/9,7.76
2015/1/10,11.87
2015/1/11,19.88
2015/1/12,11.86
2015/1/13,8.98
2015/1/14,7.2
2015/1/15,12.79
2015/1/16,15.58
2015/1/17,22.76
2015/1/18,28.66
2015/1/19,25.12
2015/1/20,18.38
2015/1/21,57.01
2015/1/22,30.68
2015/1/23,15.4
2015/1/24,34.23
2015/1/25,19.69
2015/1/26,11.86
2015/1/27,45.21
2015/1/28,14.93
2015/1/29,6.4
2015/1/30,115.71
2015/1/31,67.26
2015/2/1,9.71
2015/2/2,12.27
2015/2/3,9.06
2015/2/4,7.33
2015/2/5,12.86
2015/2/6,23.26
2015/2/7,22.89
2015/2/8,29.83
2015/2/9,48.3
2015/2/10,73.17
2015/2/11,58.88
2015/2/12,6.43
2015/2/13,7.96
2015/2/14,22.8
2015/2/15,19.75
2015/2/16,12.26
2015/2/17,9.48
2015/2/18,7.48
2015/2/19,124.64
2015/2/20,7.77
2015/2/21,11.08
2015/2/22,9.52
2015/2/23,11.66
2015/2/24,9.05
2015/2/25,7.2
2015/2/26,6.43
2015/2/27,7.7
2015/2/28,11.29
2015/3/1,9.64
2015/3/2,11.78
2015/3/3,8.99
2015/3/4,7.38
2015/3/5,6.47
2015/3/6,7.73
2015/3/7,11.21
2015/3/8,9.75
2015/3/9,47.28
2015/3/10,8.94
2015/3/11,7.28
2015/3/12,6.36
2015/3/13,7.62
2015/3/14,11.33
2015/3/15,9.6
2015/3/16,11.81
2015/3/17,8.96
2015/3/18,29.26
2015/3/19,19.73
2015/3/20,31.01
2015/3/21,11.59
2015/3/22,48.66
2015/3/23,47.18
2015/3/24,26.92
2015/3/25,14.45
2015/3/26,6.42
2015/3/27,7.54
2015/3/28,88.69
2015/3/29,18.47
2015/3/30,11.96
2015/3/31,9.11
2015/4/1,7.3
2015/4/2,45.55
2015/4/3,39.48
2015/4/4,179.95
2015/4/5,96.8
2015/4/6,49.33
2015/4/7,35.17
2015/4/8,7.23
2015/4/9,6.3
2015/4/10,7.73
2015/4/11,22.34
2015/4/12,28.73
2015/4/13,22.61
2015/4/14,26.3
2015/4/15,14.27
2015/4/16,6.23
2015/4/17,7.64
2015/4/18,22.7
2015/4/19,19.03
2015/4/20,11.31
2015/4/21,8.73
2015/4/22,6.93
2015/4/23,6.29
2015/4/24,7.49
2015/4/25,45.57
2015/4/26,9.72
2015/4/27,11.46
2015/4/28,8.84
2015/4/29,7.28
2015/4/30,19.44
2015/5/1,7.59
2015/5/2,11.36
2015/5/3,38.67
2015/5/4,11.82
2015/5/5,17.85
2015/5/6,14.72
2015/5/7,32.47
2015/5/8,7.88
2015/5/9,70.05
2015/5/10,20.24
2015/5/11,12.2
2015/5/12,9.11
2015/5/13,7.29
2015/5/14,6.48
2015/5/15,7.8
2015/5/16,11.87
2015/5/17,9.84
2015/5/18,12.23
2015/5/19,9.19
2015/5/20,7.36
2015/5/21,13.34
2015/5/22,31.49
2015/5/23,47.47
2015/5/24,10.37
2015/5/25,18.27
2015/5/26,31.73
2015/5/27,7.65
2015/5/28,6.6
2015/5/29,8
2015/5/30,11.77
2015/5/31,10.27
2015/6/1,12.5
2015/6/2,9.33
2015/6/3,7.63
2015/6/4,19.77
2015/6/5,81.73
2015/6/6,11.86
2015/6/7,100.92
2015/6/8,12.76
2015/6/9,9.55
2015/6/10,7.65
2015/6/11,7.17
2015/6/12,24.68
2015/6/13,12.41
2015/6/14,10.23
2015/6/15,12.53
2015/6/16,9.63
2015/6/17,7.83
2015/6/18,6.89
2015/6/19,8.38
2015/6/20,12.63
2015/6/21,10.49
2015/6/22,38.87
2015/6/23,48.32
2015/6/24,8.03
2015/6/25,6.98
2015/6/26,16.77
2015/6/27,12.73
2015/6/28,10.76
2015/6/29,12.88
2015/6/30,60.07
2015/7/1,32.88
2015/7/2,7.32
2015/7/3,9.85
2015/7/4,16.51
2015/7/5,11.44
2015/7/6,41.48
2015/7/7,40.91
2015/7/8,122.87
2015/7/9,36.82
2015/7/10,34.35
2015/7/11,135.01
2015/7/12,108.11
2015/7/13,26.25
2015/7/14,39.73
2015/7/15,16.3
2015/7/16,7.27
2015/7/17,17.09
2015/7/18,13.49
2015/7/19,43.17
2015/7/20,27.18
2015/7/21,19.86
2015/7/22,24.43
2015/7/23,7.38
2015/7/24,8.77
2015/7/25,13.22
2015/7/26,10.51
2015/7/27,26.65
2015/7/28,9.99
2015/7/29,16.66
2015/7/30,7.22
2015/7/31,17.11
2015/8/1,13.05
2015/8/2,10.98
2015/8/3,12.87
2015/8/4,200.88
2015/8/5,16.41
2015/8/6,6.99
2015/8/7,8.72
2015/8/8,13.07
2015/8/9,10.86
2015/8/10,13.58
2015/8/11,10.14
2015/8/12,8.33
2015/8/13,43.12
2015/8/14,8.58
2015/8/15,13.33
2015/8/16,44.43
2015/8/17,13.81
2015/8/18,9.97
2015/8/19,7.85
2015/8/20,6.75
2015/8/21,219
2015/8/22,114.1
2015/8/23,63.15
2015/8/24,374.86
2015/8/25,716.48
2015/8/26,245.51
2015/8/27,60.31
2015/8/28,154.88
2015/8/29,228
2015/8/30,267.08
2015/8/31,74.79
2015/9/1,102.98
2015/9/2,69.27
2015/9/3,59.14
2015/9/4,169.87
2015/9/5,287.77
2015/9/6,124.7
2015/9/7,92.36
2015/9/8,74.75
2015/9/9,106.98
2015/9/10,65.2
2015/9/11,101.94
2015/9/12,113.35
2015/9/13,141.81
2015/9/14,77.41
2015/9/15,10.6
2015/9/16,32.21
2015/9/17,83.16
2015/9/18,70.88
2015/9/19,11.47
2015/9/20,90.83
2015/9/21,63.55
2015/9/22,47.97
2015/9/23,77.41
2015/9/24,44.77
2015/9/25,23.28
2015/9/26,76.9
2015/9/27,58.99
2015/9/28,60.79
2015/9/29,67.08
2015/9/30,45.36
2015/10/1,56.24
2015/10/2,46.42
2015/10/3,66.31
2015/10/4,129.85
2015/10/5,25.21
2015/10/6,37.58
2015/10/7,30.36
2015/10/8,18.86
2015/10/9,15.94
2015/10/10,56.11
2015/10/11,81.63
2015/10/12,13.47
2015/10/13,28.98
2015/10/14,62.33
2015/10/15,20.07
2015/10/16,23.73
2015/10/17,58.78
2015/10/18,61.43
2015/10/19,37.17
2015/10/20,9.15
2015/10/21,15.11
2015/10/22,26.36
2015/10/23,71.71
2015/10/24,135.17
2015/10/25,38.89
2015/10/26,12.32
2015/10/27,9.32
2015/10/28,45.35
2015/10/29,6.77
2015/10/30,23.27
2015/10/31,10.98
2015/11/1,19.6
2015/11/2,49.3
2015/11/3,18.19
2015/11/4,44.54
2015/11/5,6.68
2015/11/6,7.95
2015/11/7,11.26
2015/11/8,9.8
2015/11/9,12.24
2015/11/10,9.67
2015/11/11,15.72
2015/11/12,6.74
2015/11/13,8.03
2015/11/14,11.84
2015/11/15,41.59
2015/11/16,37.99
2015/11/17,18.52
2015/11/18,7.81
2015/11/19,6.69
2015/11/20,64.03
2015/11/21,11.38
2015/11/22,57.55
2015/11/23,12.18
2015/11/24,9.45
2015/11/25,7.66
2015/11/26,9.31
2015/11/27,9.88
2015/11/28,12.89
2015/11/29,10.63
2015/11/30,12.52
2015/12/1,9.75
2015/12/2,7.81
2015/12/3,13.55
2015/12/4,8.26
2015/12/5,23.46
2015/12/6,20.51
2015/12/7,12.14
2015/12/8,9.62
2015/12/9,15.81
2015/12/10,6.75
2015/12/11,25.66
2015/12/12,12.46
2015/12/13,32.21
2015/12/14,27.1
2015/12/15,78.01
2015/12/16,58.09
2015/12/17,56.91
2015/12/18,26.2
2015/12/19,25.56
2015/12/20,67.6
2015/12/21,13.84
2015/12/22,42.63
2015/12/23,8.98
2015/12/24,8.52
2015/12/25,15.33
2015/12/26,16.94
2015/12/27,47.61
2015/12/28,44.06
2015/12/29,55.4
2015/12/30,36.48
2015/12/31,57.65
2016/1/1,80.76
2016/1/2,31.17
2016/1/3,80.79
2016/1/4,26.7
2016/1/5,9.88
2016/1/6,7.95
2016/1/7,21.06
2016/1/8,127.99
2016/1/9,24.23
2016/1/10,123.84
2016/1/11,52.37
2016/1/12,19.54
2016/1/13,47.15
2016/1/14,27.24
2016/1/15,108.08
2016/1/16,235.27
2016/1/17,62.48
2016/1/18,42.69
2016/1/19,101.49
2016/1/20,55.18
2016/1/21,203.34
2016/1/22,75.38
2016/1/23,261.03
2016/1/24,105.33
2016/1/25,65.26
2016/1/26,38.49
2016/1/27,84.7
2016/1/28,21.11
2016/1/29,32.9
2016/1/30,36.17
2016/1/31,131.25
2016/2/1,86.83
2016/2/2,56.56
2016/2/3,51.91
2016/2/4,6.43
2016/2/5,16.06
2016/2/6,23.54
2016/2/7,100.43
2016/2/8,39.74
2016/2/9,9.7
2016/2/10,84.21
2016/2/11,93.13
2016/2/12,64.11
2016/2/13,74.07
2016/2/14,70.5
2016/2/15,55
2016/2/16,29.76
2016/2/17,76.65
2016/2/18,77.94
2016/2/19,31.41
2016/2/20,35.29
2016/2/21,78.43
2016/2/22,24.45
2016/2/23,37.63
2016/2/24,22.29
2016/2/25,6.56
2016/2/26,39.26
2016/2/27,11.86
2016/2/28,128.56
2016/2/29,76.71
2016/3/1,28.79
2016/3/2,43.73
2016/3/3,20.41
2016/3/4,36.81
2016/3/5,108.79
2016/3/6,69.5
2016/3/7,9.84
2016/3/8,7.53
2016/3/9,11.21
2016/3/10,5.29
2016/3/11,6.4
2016/3/12,63.47
2016/3/13,18.33
2016/3/14,10.13
2016/3/15,7.49
2016/3/16,11.11
2016/3/17,5.01
2016/3/18,12.79
2016/3/19,10.78
2016/3/20,17.63
2016/3/21,41.02
2016/3/22,60.98
2016/3/23,5.5
2016/3/24,10.13
2016/3/25,6.37
2016/3/26,32.22
2016/3/27,43.85
2016/3/28,19.85
2016/3/29,43.99
2016/3/30,133.45
2016/3/31,10.06
2016/4/1,6.15
2016/4/2,42.74
2016/4/3,35.03
2016/4/4,74.26
2016/4/5,13.5
2016/4/6,5.28
2016/4/7,18.96
2016/4/8,12.22
2016/4/9,10.4
2016/4/10,26.11
2016/4/11,9.15
2016/4/12,13.92
2016/4/13,15.65
2016/4/14,14.06
2016/4/15,5.96
2016/4/16,10.34
2016/4/17,17.59
2016/4/18,17.43
2016/4/19,6.78
2016/4/20,10.84
2016/4/21,14.99
2016/4/22,30.71
2016/4/23,20.28
2016/4/24,16.86
2016/4/25,9.82
2016/4/26,21.62
2016/4/27,52.97
2016/4/28,4.84
2016/4/29,11.53
2016/4/30,9.85
2016/5/1,17.02
2016/5/2,45.45
2016/5/3,14.02
2016/5/4,21.05
2016/5/5,4.97
2016/5/6,6.32
2016/5/7,30.65
2016/5/8,25.19
2016/5/9,8.71
2016/5/10,6.89
2016/5/11,10.58
2016/5/12,14.3
2016/5/13,6.04
2016/5/14,10.19
2016/5/15,17.33
2016/5/16,33.44
2016/5/17,13.55
2016/5/18,5.26
2016/5/19,4.8
2016/5/20,6.19
2016/5/21,71.69
2016/5/22,26.18
2016/5/23,60.32
2016/5/24,7.54
2016/5/25,5.64
2016/5/26,5.05
2016/5/27,6.31
2016/5/28,10.77
2016/5/29,53.4
2016/5/30,15.69
2016/5/31,42.17
2016/6/1,23.1
2016/6/2,5.07
2016/6/3,13.06
2016/6/4,11.06
2016/6/5,126.84
2016/6/6,56.61
2016/6/7,87.61
2016/6/8,23.21
2016/6/9,5.22
2016/6/10,13.26
2016/6/11,44.36
2016/6/12,53.86
2016/6/13,21.08
2016/6/14,36.62
2016/6/15,35.77
2016/6/16,51.13
2016/6/17,34.53
2016/6/18,11.39
2016/6/19,8.97
2016/6/20,82.94
2016/6/21,23.06
2016/6/22,75.9
2016/6/23,92.52
2016/6/24,547.55
2016/6/25,1079.03
2016/6/26,351.52
2016/6/27,250.34
2016/6/28,481.4
2016/6/29,189.42
2016/6/30,126.12
2016/7/1,149.16
2016/7/2,92.47
2016/7/3,263.38
2016/7/4,85.34
2016/7/5,62.92
2016/7/6,193.06
2016/7/7,60.7
2016/7/8,124.09
2016/7/9,81.87
2016/7/10,105.89
2016/7/11,42.49
2016/7/12,91.38
2016/7/13,85.89
2016/7/14,21.45
2016/7/15,6.95
2016/7/16,46.49
2016/7/17,37.73
2016/7/18,40.84
2016/7/19,32.23
2016/7/20,36.13
2016/7/21,16.47
2016/7/22,14.14
2016/7/23,35.87
2016/7/24,57.26
2016/7/25,10.28
2016/7/26,54.55
2016/7/27,29.86
2016/7/28,22.28
2016/7/29,21.23
2016/7/30,11.44
2016/7/31,28.03
2016/8/1,10.36
2016/8/2,40.5
2016/8/3,17.86
2016/8/4,10.66
2016/8/5,48.34
2016/8/6,22.35
2016/8/7,46.76
2016/8/8,126.99
2016/8/9,48.57
2016/8/10,85.86
2016/8/11,16.22
2016/8/12,13.78
2016/8/13,22.27
2016/8/14,55.62
2016/8/15,31.29
2016/8/16,7.91
2016/8/17,6.1
2016/8/18,5.23
2016/8/19,20.11
2016/8/20,10.86
2016/8/21,9.05
2016/8/22,9.52
2016/8/23,7.59
2016/8/24,11.95
2016/8/25,35.48
2016/8/26,56.53
2016/8/27,30.45
2016/8/28,63.42
2016/8/29,69.87
2016/8/30,35.89
2016/8/31,27.44
2016/9/1,168.53
2016/9/2,18.93
2016/9/3,10.06
2016/9/4,72.09
2016/9/5,15.23
2016/9/6,7.95
2016/9/7,5.82
2016/9/8,5.07
2016/9/9,6.24
2016/9/10,19.32
2016/9/11,26.35
2016/9/12,31.14
2016/9/13,42.62
2016/9/14,10.83
2016/9/15,10.04
2016/9/16,6.44
2016/9/17,9.97
2016/9/18,44.27
2016/9/19,39.09
2016/9/20,14.73
2016/9/21,5.15
2016/9/22,5.16
2016/9/23,6.13
2016/9/24,10.03
2016/9/25,8.79
2016/9/26,10.09
2016/9/27,7.48
2016/9/28,35.57
2016/9/29,5.44
2016/9/30,13.1
2016/10/1,29.51
2016/10/2,44.86
2016/10/3,69.12
2016/10/4,42.12
2016/10/5,11.38
2016/10/6,21.19
2016/10/7,23.98
2016/10/8,21.11
2016/10/9,18.5
2016/10/10,19.95
2016/10/11,7.16
2016/10/12,6
2016/10/13,20.45
2016/10/14,12.45
2016/10/15,9.99
2016/10/16,97.64
2016/10/17,141.07
2016/10/18,7.03
2016/10/19,5.75
2016/10/20,5.12
2016/10/21,12.78
2016/10/22,9.91
2016/10/23,26.04
2016/10/24,20.53
2016/10/25,22.55
2016/10/26,11.18
2016/10/27,25.45
2016/10/28,43.9
2016/10/29,57.63
2016/10/30,33.92
2016/10/31,20.12
2016/11/1,13.8
2016/11/2,5.32
2016/11/3,34.08
2016/11/4,36.47
2016/11/5,48.76
2016/11/6,25.79
2016/11/7,34.13
2016/11/8,83.62
2016/11/9,203.15
2016/11/10,221.84
2016/11/11,60.43
2016/11/12,99.72
2016/11/13,98.99
2016/11/14,154.75
2016/11/15,28.32
2016/11/16,40.1
2016/11/17,59.36
2016/11/18,34.71
2016/11/19,30.95
2016/11/20,54.65
2016/11/21,19.03
2016/11/22,7.26
2016/11/23,5.67
2016/11/24,7.88
2016/11/25,40.87
2016/11/26,11.39
2016/11/27,57.98
2016/11/28,10.59
2016/11/29,15.54
2016/11/30,16.72
2016/12/1,36.3
2016/12/2,6.31
2016/12/3,30.79
2016/12/4,63.08
2016/12/5,19.3
2016/12/6,7.18
2016/12/7,26.92
2016/12/8,21.6
2016/12/9,31.14
2016/12/10,10.36
2016/12/11,18.85
2016/12/12,46.62
2016/12/13,28.98
2016/12/14,5.44
2016/12/15,372.23
2016/12/16,12.68
2016/12/17,21.63
2016/12/18,19.19
2016/12/19,10.92
2016/12/20,51.85
2016/12/21,5.45
2016/12/22,22.03
2016/12/23,14.42
2016/12/24,25.29
2016/12/25,35.13
2016/12/26,34.13
2016/12/27,64.09
2016/12/28,46.4
2016/12/29,38.07
2016/12/30,52.94
2016/12/31,57.57
2017/1/1,170.26
2017/1/2,15.89
2017/1/3,24.4
2017/1/4,17.46
2017/1/5,84.05
2017/1/6,7.07
2017/1/7,32.15
2017/1/8,66.65
2017/1/9,45.66
2017/1/10,21.34
2017/1/11,45.1
2017/1/12,5.31
2017/1/13,127.1
2017/1/14,10.49
2017/1/15,85.55
2017/1/16,41.34
2017/1/17,145.98
2017/1/18,16.18
2017/1/19,5.23
2017/1/20,53.09
2017/1/21,29.13
2017/1/22,95.6
2017/1/23,59.46
2017/1/24,27.5
2017/1/25,5.35
2017/1/26,19.13
2017/1/27,24.45
2017/1/28,52.56
2017/1/29,36.9
2017/1/30,17.26
2017/1/31,15.24
2017/2/1,27.34
2017/2/2,9.94
2017/2/3,18.8
2017/2/4,9.7
2017/2/5,36.97
2017/2/6,35.2
2017/2/7,13.9
2017/2/8,5.48
2017/2/9,25.02
2017/2/10,12.65
2017/2/11,20.12
2017/2/12,37.06
2017/2/13,9.29
2017/2/14,34.3
2017/2/15,11.02
2017/2/16,5.08
2017/2/17,100.31
2017/2/18,19.96
2017/2/19,8.77
2017/2/20,8.26
2017/2/21,27.86
2017/2/22,58.98
2017/2/23,4.94
2017/2/24,6.19
2017/2/25,18.4
2017/2/26,25.89
2017/2/27,18.13
2017/2/28,20.93
2017/3/1,16.02
2017/3/2,15.18
2017/3/3,23.94
2017/3/4,29.29
2017/3/5,26.65
2017/3/6,9.44
2017/3/7,20.76
2017/3/8,16.34
2017/3/9,21.77
2017/3/10,5.95
2017/3/11,30.21
2017/3/12,9.18
2017/3/13,8.24
2017/3/14,99.89
2017/3/15,15.9
2017/3/16,20.87
2017/3/17,6.33
2017/3/18,10.42
2017/3/19,8.96
2017/3/20,101.07
2017/3/21,21.68
2017/3/22,5.4
2017/3/23,10.65
2017/3/24,12.99
2017/3/25,10.88
2017/3/26,8.92
2017/3/27,8.73
2017/3/28,6.73
2017/3/29,10.29
2017/3/30,5.11
2017/3/31,5.99
2017/4/1,10.54
2017/4/2,9.2
2017/4/3,50.65
2017/4/4,6.5
2017/4/5,4.94
2017/4/6,15.45
2017/4/7,17.26
2017/4/8,53.49
2017/4/9,72.98
2017/4/10,9.12
2017/4/11,7.33
2017/4/12,10.98
2017/4/13,9.8
2017/4/14,43.77
2017/4/15,10.85
2017/4/16,19
2017/4/17,108.62
2017/4/18,53.55
2017/4/19,5.1
2017/4/20,14.66
2017/4/21,5.84
2017/4/22,30.95
2017/4/23,26.98
2017/4/24,29.85
2017/4/25,49.13
2017/4/26,14.59
2017/4/27,10.68
2017/4/28,6.1
2017/4/29,10.86
2017/4/30,9.06
2017/5/1,8.53
2017/5/2,6.92
2017/5/3,5.18
2017/5/4,5.04
2017/5/5,24.46
2017/5/6,10.85
2017/5/7,27.45
2017/5/8,19.16
2017/5/9,7.69
2017/5/10,5.7
2017/5/11,21.78
2017/5/12,33.31
2017/5/13,44.27
2017/5/14,9.14
2017/5/15,97.64
2017/5/16,7.74
2017/5/17,35.32
2017/5/18,43.71
2017/5/19,20.21
2017/5/20,22.18
2017/5/21,37.06
2017/5/22,43.9
2017/5/23,7.75
2017/5/24,6.05
2017/5/25,5.65
2017/5/26,6.88
2017/5/27,11.94
2017/5/28,9.42
2017/5/29,16.63
2017/5/30,9.16
2017/5/31,302.37
2017/6/1,5.84
2017/6/2,7
2017/6/3,24.04
2017/6/4,29.99
2017/6/5,11.26
2017/6/6,8
2017/6/7,6.05
2017/6/8,17.41
2017/6/9,7.2
2017/6/10,11.77
2017/6/11,38.4
2017/6/12,11.26
2017/6/13,8.25
2017/6/14,6.09
2017/6/15,5.87
2017/6/16,7.25
2017/6/17,11.99
2017/6/18,9.7
2017/6/19,11.63
2017/6/20,8.44
2017/6/21,12.25
2017/6/22,12.01
2017/6/23,7.24
2017/6/24,23.59
2017/6/25,19.53
2017/6/26,23.59
2017/6/27,8.73
2017/6/28,12.83
2017/6/29,6.14
2017/6/30,29.37
2017/7/1,36.46
2017/7/2,10.3
2017/7/3,24.26
2017/7/4,13.77
2017/7/5,28.52
2017/7/6,12.54
2017/7/7,45.94
2017/7/8,12.28
2017/7/9,20.39
2017/7/10,11.62
2017/7/11,17.21
2017/7/12,12.68
2017/7/13,6.23
2017/7/14,22.3
2017/7/15,11.92
2017/7/16,10.22
2017/7/17,34.73
2017/7/18,16.66
2017/7/19,6.43
2017/7/20,6.13
2017/7/21,7.41
2017/7/22,12.18
2017/7/23,50.31
2017/7/24,512.25
2017/7/25,148.18
2017/7/26,12.77
2017/7/27,5.9
2017/7/28,7.44
2017/7/29,12.25
2017/7/30,30.27
2017/7/31,11.81
2017/8/1,8.44
2017/8/2,12.55
2017/8/3,6.16
2017/8/4,7.29
2017/8/5,11.97
2017/8/6,19.95
2017/8/7,10.57
2017/8/8,16.59
2017/8/9,12.54
2017/8/10,12.49
2017/8/11,29.36
2017/8/12,12.18
2017/8/13,10.21
2017/8/14,35.02
2017/8/15,25.33
2017/8/16,18.79
2017/8/17,5.97
2017/8/18,43.2
2017/8/19,22.8
2017/8/20,19.52
2017/8/21,591.21
2017/8/22,32.5
2017/8/23,18.13
2017/8/24,5.93
2017/8/25,40.59
2017/8/26,10.79
2017/8/27,95.56
2017/8/28,31.7
2017/8/29,7.92
2017/8/30,11.61
2017/8/31,16.26
2017/9/1,6.29
2017/9/2,19.14
2017/9/3,27.86
2017/9/4,29.62
2017/9/5,8.12
2017/9/6,23.38
2017/9/7,5.4
2017/9/8,6.47
2017/9/9,9
2017/9/10,8.8
2017/9/11,10.3
2017/9/12,7.75
2017/9/13,5.85
2017/9/14,5.45
2017/9/15,6.33
2017/9/16,9.37
2017/9/17,44.33
2017/9/18,10
2017/9/19,7.65
2017/9/20,5.73
2017/9/21,5.38
2017/9/22,6.37
2017/9/23,9.21
2017/9/24,26.6
2017/9/25,10.25
2017/9/26,83.96
2017/9/27,5.75
2017/9/28,5.52
2017/9/29,57.78
2017/9/30,9.84
2017/10/1,26.44
2017/10/2,9.89
2017/10/3,7.65
2017/10/4,17.21
2017/10/5,5.38
2017/10/6,25.71
2017/10/7,9.39
2017/10/8,18.1
2017/10/9,20.5
2017/10/10,7.52
2017/10/11,21.89
2017/10/12,5.49
2017/10/13,6.21
2017/10/14,9.49
2017/10/15,8.64
2017/10/16,39.75
2017/10/17,7.63
2017/10/18,5.59
2017/10/19,27.07
2017/10/20,12.58
2017/10/21,9.69
2017/10/22,69.06
2017/10/23,77.31
2017/10/24,7.52
2017/10/25,5.64
2017/10/26,5.36
2017/10/27,12.4
2017/10/28,48.2
2017/10/29,51.93
2017/10/30,49.9
2017/10/31,31.12
2017/11/1,28.24
2017/11/2,27.31
2017/11/3,12.69
2017/11/4,9.22
2017/11/5,8.34
2017/11/6,10.1
2017/11/7,60.57
2017/11/8,105.19
2017/11/9,10.68
2017/11/10,24.84
2017/11/11,66.29
2017/11/12,86.1
2017/11/13,29.53
2017/11/14,7.65
2017/11/15,5.65
2017/11/16,11
2017/11/17,6.31
2017/11/18,19.87
2017/11/19,26.12
2017/11/20,9.94
2017/11/21,29.51
2017/11/22,5.79
2017/11/23,16.27
2017/11/24,15.26
2017/11/25,10.66
2017/11/26,9.19
2017/11/27,10.21
2017/11/28,374.38
2017/11/29,5.69
2017/11/30,5.55
2017/12/1,26.86
2017/12/2,10.26
2017/12/3,8.51
2017/12/4,20.41
2017/12/5,68.33
2017/12/6,5.84
2017/12/7,16.87
2017/12/8,6.67
2017/12/9,11
2017/12/10,9.57
2017/12/11,10.69
2017/12/12,7.93
2017/12/13,17.07
2017/12/14,22.81
2017/12/15,82.57
2017/12/16,87.35
2017/12/17,76.14
2017/12/18,41.47
2017/12/19,8.01
2017/12/20,5.56
2017/12/21,39.72
2017/12/22,7.34
2017/12/23,12.13
2017/12/24,54.87
2017/12/25,20.56
2017/12/26,41.35
2017/12/27,13.95
2017/12/28,12.77
2017/12/29,23.07
2017/12/30,47.6
2017/12/31,89.84
2018/1/1,16.72
2018/1/2,9.12
2018/1/3,12.52
2018/1/4,70.37
2018/1/5,34.79
2018/1/6,20.95
2018/1/7,47.03
2018/1/8,9.66
2018/1/9,7.52
2018/1/10,23.41
2018/1/11,5.75
2018/1/12,12.85
2018/1/13,10.71
2018/1/14,142.24
2018/1/15,11.35
2018/1/16,32.33
2018/1/17,11.59
2018/1/18,5.63
2018/1/19,20.46
2018/1/20,53.38
2018/1/21,28.1
2018/1/22,30.07
2018/1/23,36.23
2018/1/24,10.65
2018/1/25,31.49
2018/1/26,18.43
2018/1/27,30.72
2018/1/28,44.74
2018/1/29,44.75
2018/1/30,41.47
2018/1/31,27.74
2018/2/1,16.34
2018/2/2,25.71
2018/2/3,21
2018/2/4,9.29
2018/2/5,31.03
2018/2/6,129.13
2018/2/7,49.18
2018/2/8,54.51
2018/2/9,57.46
2018/2/10,159.9
2018/2/11,158.05
2018/2/12,48.26
2018/2/13,14.08
2018/2/14,5.3
2018/2/15,5.29
2018/2/16,12.44
2018/2/17,10.49
2018/2/18,27.1
2018/2/19,21.58
2018/2/20,75.14
2018/2/21,16.06
2018/2/22,10.99
2018/2/23,19.08
2018/2/24,10.07
2018/2/25,9.25
2018/2/26,10.01
2018/2/27,36.37
2018/2/28,15.99
2018/3/1,20.79
2018/3/2,18.36
2018/3/3,30.29
2018/3/4,8.93
2018/3/5,9.74
2018/3/6,29.91
2018/3/7,5.59
2018/3/8,16.63
2018/3/9,6.45
2018/3/10,10.44
2018/3/11,130.77
2018/3/12,29.17
2018/3/13,6.86
2018/3/14,16.5
2018/3/15,11
2018/3/16,6.33
2018/3/17,10.54
2018/3/18,9.48
2018/3/19,8.91
2018/3/20,22.31
2018/3/21,5.64
2018/3/22,5.38
2018/3/23,19.44
2018/3/24,10.74
2018/3/25,9.48
2018/3/26,10.25
2018/3/27,14.75
2018/3/28,5.79
2018/3/29,5.5
2018/3/30,6.81
2018/3/31,55.49
2018/4/1,29.31
2018/4/2,20.97
2018/4/3,37.57
2018/4/4,52.08
2018/4/5,56.15
2018/4/6,57.54
2018/4/7,194.4
2018/4/8,125.79
2018/4/9,30.52
2018/4/10,14.75
2018/4/11,20.97
2018/4/12,21.24
2018/4/13,18.55
2018/4/14,51.99
2018/4/15,18.53
2018/4/16,20.16
2018/4/17,7.17
2018/4/18,71.71
2018/4/19,5.32
2018/4/20,18.72
2018/4/21,10.28
2018/4/22,9.68
2018/4/23,27.74
2018/4/24,21.26
2018/4/25,5.38
2018/4/26,10.26
2018/4/27,6.16
2018/4/28,9.49
2018/4/29,8.98
2018/4/30,8.75
2018/5/1,7.04
2018/5/2,43.79
2018/5/3,21.44
2018/5/4,17.84
2018/5/5,20.91
2018/5/6,37.8
2018/5/7,10.16
2018/5/8,7.29
2018/5/9,10.89
2018/5/10,10.5
2018/5/11,6.42
2018/5/12,10.79
2018/5/13,37.47
2018/5/14,20.24
2018/5/15,14.96
2018/5/16,38.33
2018/5/17,15.86
2018/5/18,6.41
2018/5/19,10.71
2018/5/20,9.36
2018/5/21,10.48
2018/5/22,21.35
2018/5/23,238.98
2018/5/24,16.05
2018/5/25,6.38
2018/5/26,10.95
2018/5/27,19.82
2018/5/28,16.23
2018/5/29,35.31
2018/5/30,23.28
2018/5/31,15.62
2018/6/1,50.05
2018/6/2,11.19
2018/6/3,19.83
2018/6/4,10.61
2018/6/5,7.33
2018/6/6,5.54
2018/6/7,16.33
2018/6/8,6.71
2018/6/9,11.46
2018/6/10,9.97
2018/6/11,10.68
2018/6/12,7.28
2018/6/13,5.9
2018/6/14,10.8
2018/6/15,18.66
2018/6/16,11.35
2018/6/17,19.75
2018/6/18,10.41
2018/6/19,82.58
2018/6/20,12.02
2018/6/21,5.7
2018/6/22,13.61
2018/6/23,23.78
2018/6/24,61.12
2018/6/25,22.24
2018/6/26,8.33
2018/6/27,24.45
2018/6/28,12.02
2018/6/29,42.54
2018/6/30,12.04
2018/7/1,10.52
2018/7/2,33.27
2018/7/3,8.5
2018/7/4,45.79
2018/7/5,33.91
2018/7/6,90.81
2018/7/7,127.44
2018/7/8,125.27
2018/7/9,50.44
2018/7/10,26.9
2018/7/11,6.69
2018/7/12,32.79
2018/7/13,7.55
2018/7/14,12.97
2018/7/15,11.33
2018/7/16,12.34
2018/7/17,27.13
2018/7/18,13.15
2018/7/19,12.63
2018/7/20,23.12
2018/7/21,25.85
2018/7/22,11.42
2018/7/23,12.14
2018/7/24,27.7
2018/7/25,6.61
2018/7/26,26.16
2018/7/27,7.68
2018/7/28,13.1
2018/7/29,11.42
2018/7/30,12.58
2018/7/31,9.22
2018/8/1,6.59
2018/8/2,12.9
2018/8/3,7.43
2018/8/4,25.75
2018/8/5,10.96
2018/8/6,11.86
2018/8/7,9.03
2018/8/8,13.01
2018/8/9,6.56
2018/8/10,7.77
2018/8/11,12.9
2018/8/12,103.7
2018/8/13,36.69
2018/8/14,81.49
2018/8/15,6.59
2018/8/16,6.24
2018/8/17,22.32
2018/8/18,36.24
2018/8/19,55.12
2018/8/20,11.86
2018/8/21,17.2
2018/8/22,12.64
2018/8/23,78.54
2018/8/24,28.12
2018/8/25,195.17
2018/8/26,42.02
2018/8/27,22.77
2018/8/28,50.18
2018/8/29,12.52
2018/8/30,30.45
2018/8/31,103.98
2018/9/1,33.02
2018/9/2,43.23
2018/9/3,50.37
2018/9/4,18.59
2018/9/5,30.89
2018/9/6,24.8
2018/9/7,20.57
2018/9/8,10.67
2018/9/9,10.15
2018/9/10,10.34
2018/9/11,8.1
2018/9/12,12.45
2018/9/13,6
2018/9/14,13.54
2018/9/15,21.71
2018/9/16,31.42
2018/9/17,11.02
2018/9/18,57.3
2018/9/19,31.36
2018/9/20,5.93
2018/9/21,35.07
2018/9/22,10.82
2018/9/23,10.52
2018/9/24,11.14
2018/9/25,17.19
2018/9/26,6.1
2018/9/27,54.23
2018/9/28,14.48
2018/9/29,65.72
2018/9/30,83.78
2018/10/1,43.76
2018/10/2,16.37
2018/10/3,177.91
2018/10/4,6.03
2018/10/5,27.99
2018/10/6,21.81
2018/10/7,10.82
2018/10/8,11.81
2018/10/9,8.24
2018/10/10,12.39
2018/10/11,17.95
2018/10/12,99.73
2018/10/13,97.6
2018/10/14,31.7
2018/10/15,11.26
2018/10/16,25.41
2018/10/17,18.6
2018/10/18,65.72
2018/10/19,56.79
2018/10/20,21.66
2018/10/21,41.63
2018/10/22,22.38
2018/10/23,17.08
2018/10/24,108.69
2018/10/25,156.69
2018/10/26,150.53
2018/10/27,21.89
2018/10/28,81.97
2018/10/29,33.72
2018/10/30,25.24
2018/10/31,54.95
2018/11/1,47.78
2018/11/2,35.14
2018/11/3,42.77
2018/11/4,144.13
2018/11/5,79.17
2018/11/6,55.86
2018/11/7,53.53
2018/11/8,141.71
2018/11/9,21.53
2018/11/10,10.99
2018/11/11,21.11
2018/11/12,12.35
2018/11/13,71.71
2018/11/14,32.18
2018/11/15,12.56
2018/11/16,7.27
2018/11/17,11.47
2018/11/18,32.31
2018/11/19,11.72
2018/11/20,42.68
2018/11/21,71.23
2018/11/22,57.25
2018/11/23,9.06
2018/11/24,12.88
2018/11/25,45.25
2018/11/26,71.71
2018/11/27,122.19
2018/11/28,25.85
2018/11/29,52
2018/11/30,59.69
2018/12/1,35.02
2018/12/2,289.51
2018/12/3,218.99
2018/12/4,60.86
2018/12/5,139.65
2018/12/6,75.46
2018/12/7,136.77
2018/12/8,155.75
2018/12/9,88.41
2018/12/10,31.1
2018/12/11,60.2
2018/12/12,44.39
2018/12/13,43.84
2018/12/14,37.87
2018/12/15,23.7
2018/12/16,148.15
2018/12/17,81.3
2018/12/18,78.69
2018/12/19,127.54
2018/12/20,104.2
2018/12/21,124.22
2018/12/22,239.05
2018/12/23,343.07
2018/12/24,217.14
2018/12/25,306.29
2018/12/26,308.66
2018/12/27,175
2018/12/28,282.74
2018/12/29,226.67
2018/12/30,274.06
2018/12/31,154.52
2019/1/1,200.86
2019/1/2,168.81
2019/1/3,265.43
2019/1/4,157.68
2019/1/5,111
2019/1/6,244.26
2019/1/7,153.69
2019/1/8,185.62
2019/1/9,109.68
2019/1/10,136.76
2019/1/11,124.88
2019/1/12,97.06
2019/1/13,136.09
2019/1/14,90.3
2019/1/15,85.64
2019/1/16,492.31
2019/1/17,139.37
2019/1/18,217.37
2019/1/19,228.92
2019/1/20,274.29
2019/1/21,154.86
2019/1/22,159.42
2019/1/23,180.21
2019/1/24,97.13
2019/1/25,119.4
2019/1/26,73.39
2019/1/27,180.95
2019/1/28,45.53
2019/1/29,86.39
2019/1/30,76.42
2019/1/31,142.96
2019/2/1,88.78
2019/2/2,83.78
2019/2/3,66.15
2019/2/4,118.31
2019/2/5,102.39
2019/2/6,153.76
2019/2/7,18.94
2019/2/8,7.47
2019/2/9,47.38
2019/2/10,32.66
2019/2/11,66.98
2019/2/12,25.83
2019/2/13,19.28
2019/2/14,6.3
2019/2/15,29.16
2019/2/16,35.55
2019/2/17,53.39
2019/2/18,12.55
2019/2/19,26.18
2019/2/20,31.77
2019/2/21,62.04
2019/2/22,29.54
2019/2/23,34.92
2019/2/24,53.18
2019/2/25,23.22
2019/2/26,42.85
2019/2/27,66.43
2019/2/28,62.04
2019/3/1,50.88
2019/3/2,23.08
2019/3/3,10.62
2019/3/4,23.3
2019/3/5,8.86
2019/3/6,6.45
2019/3/7,37.71
2019/3/8,66.65
2019/3/9,47.41
2019/3/10,110.55
2019/3/11,21.72
2019/3/12,26.23
2019/3/13,12.95
2019/3/14,30.81
2019/3/15,53.12
2019/3/16,61.29
2019/3/17,88.7
2019/3/18,47.71
2019/3/19,52.19
2019/3/20,49.81
2019/3/21,19.41
2019/3/22,30.41
2019/3/23,36.66
2019/3/24,43.2
2019/3/25,36.37
2019/3/26,24.66
2019/3/27,32.01
2019/3/28,109.02
2019/3/29,52.4
2019/3/30,60.81
2019/3/31,33.17
2019/4/1,88.02
2019/4/2,203.52
2019/4/3,43.03
2019/4/4,50.15
2019/4/5,47.02
2019/4/6,27.06
2019/4/7,71.75
2019/4/8,13.86
2019/4/9,10.53
2019/4/10,25.7
2019/4/11,8.43
2019/4/12,9.47
2019/4/13,53.91
2019/4/14,62.25
2019/4/15,71.49
2019/4/16,10.89
2019/4/17,8.74
2019/4/18,33.23
2019/4/19,39.05
2019/4/20,13.75
2019/4/21,38.63
2019/4/22,44.26
2019/4/23,21.36
2019/4/24,63.16
2019/4/25,40.07
2019/4/26,18.76
2019/4/27,67.13
2019/4/28,36.82
2019/4/29,28.45
2019/4/30,31.23
2019/5/1,82.22
2019/5/2,17.62
2019/5/3,47.29
2019/5/4,80.33
2019/5/5,49.2
2019/5/6,173.8
2019/5/7,135.4
2019/5/8,155.19
2019/5/9,79.69
2019/5/10,75.69
2019/5/11,13.66
2019/5/12,12.35
2019/5/13,146.16
2019/5/14,171.61
2019/5/15,164.98
2019/5/16,72.19
2019/5/17,77.38
2019/5/18,83.17
2019/5/19,50.33
2019/5/20,73.41
2019/5/21,32.29
2019/5/22,34.9
2019/5/23,8.88
2019/5/24,59.79
2019/5/25,14.21
2019/5/26,25.05
2019/5/27,22.32
2019/5/28,12.16
2019/5/29,18.25
2019/5/30,17.79
2019/5/31,39.63
2019/6/1,71.14
2019/6/2,52.44
2019/6/3,13.66
2019/6/4,45.03
2019/6/5,55.26
2019/6/6,83.26
2019/6/7,62.55
2019/6/8,102.39
2019/6/9,175.27
2019/6/10,47.28
2019/6/11,23.58
2019/6/12,323.09
2019/6/13,59.64
2019/6/14,108.81
2019/6/15,118.89
2019/6/16,173.7
2019/6/17,30.81
2019/6/18,113.01
2019/6/19,9.3
2019/6/20,18.56
2019/6/21,74.73
2019/6/22,130.56
2019/6/23,141.95
2019/6/24,60.88
2019/6/25,34.37
2019/6/26,118.63
2019/6/27,102.81
2019/6/28,72.11
2019/6/29,29.71
2019/6/30,12.52
2019/7/1,73.94
2019/7/2,34.4
2019/7/3,39
2019/7/4,14.12
2019/7/5,35.85
2019/7/6,15.31
2019/7/7,189.59
2019/7/8,31.53
2019/7/9,23.42
2019/7/10,17.11
2019/7/11,136.3
2019/7/12,10.57
2019/7/13,15.15
2019/7/14,27.89
2019/7/15,63.17
2019/7/16,70.11
2019/7/17,9.63
2019/7/18,50.56
2019/7/19,43.29
2019/7/20,15.16
2019/7/21,28.04
2019/7/22,32.95
2019/7/23,35.99
2019/7/24,18.2
2019/7/25,48.54
2019/7/26,31.53
2019/7/27,122.19
2019/7/28,13.5
2019/7/29,32.62
2019/7/30,158.4
2019/7/31,55.95
2019/8/1,59.15
2019/8/2,132.1
2019/8/3,104.57
2019/8/4,174.94
2019/8/5,108.98
2019/8/6,150.97
2019/8/7,154.94
2019/8/8,98.17
2019/8/9,99.18
2019/8/10,60.61
2019/8/11,122.02
2019/8/12,166.56
2019/8/13,115.01
2019/8/14,195.01
2019/8/15,330.15
2019/8/16,359.75
2019/8/17,208.87
2019/8/18,335.25
2019/8/19,91.26
2019/8/20,52.8
2019/8/21,36.08
2019/8/22,112.72
2019/8/23,81.83
2019/8/24,304.16
2019/8/25,194.6
2019/8/26,45.88
2019/8/27,133.31
2019/8/28,110.05
2019/8/29,131.59
2019/8/30,254.72
2019/8/31,231.76
2019/9/1,203.62
2019/9/2,21.56
2019/9/3,125.51
2019/9/4,102.21
2019/9/5,27.98
2019/9/6,68.53
2019/9/7,39.57
2019/9/8,52.01
2019/9/9,14.4
2019/9/10,22.62
2019/9/11,81.34
2019/9/12,65.85
2019/9/13,80.21
2019/9/14,38.65
2019/9/15,143.74
2019/9/16,88.26
2019/9/17,10.39
2019/9/18,36.33
2019/9/19,121.3
2019/9/20,69.51
2019/9/21,39.18
2019/9/22,91.19
2019/9/23,14.13
2019/9/24,67.27
2019/9/25,99.58
2019/9/26,64.93
2019/9/27,37.98
2019/9/28,51.37
2019/9/29,89.19
2019/9/30,28.25
2019/10/1,74.75
2019/10/2,36.1
2019/10/3,96.11
2019/10/4,198.3
2019/10/5,118.4
2019/10/6,168.72
2019/10/7,144.46
2019/10/8,97.67
2019/10/9,51.88
2019/10/10,138.91
2019/10/11,19.2
2019/10/12,102.77
2019/10/13,105.84
2019/10/14,47.49
2019/10/15,22.33
2019/10/16,35.41
2019/10/17,54.89
2019/10/18,9.89
2019/10/19,26.39
2019/10/20,40.19
2019/10/21,13.78
2019/10/22,22.18
2019/10/23,61.28
2019/10/24,121.66
2019/10/25,59.4
2019/10/26,25.87
2019/10/27,38.54
2019/10/28,15.2
2019/10/29,45.44
2019/10/30,61.88
2019/10/31,119.71
2019/11/1,30.75
2019/11/2,65.63
2019/11/3,104.25
2019/11/4,70.94
2019/11/5,53.08
2019/11/6,36.58
2019/11/7,93.74
2019/11/8,91.24
2019/11/9,65.74
2019/11/10,130.15
2019/11/11,42.16
2019/11/12,94.06
2019/11/13,36.2
2019/11/14,9.41
2019/11/15,19.87
2019/11/16,93.13
2019/11/17,132.22
2019/11/18,78.16
2019/11/19,10.87
2019/11/20,28.03
2019/11/21,19.01
2019/11/22,10.01
2019/11/23,124.73
2019/11/24,52.56
2019/11/25,15.44
2019/11/26,10.93
2019/11/27,29.28
2019/11/28,59.96
2019/11/29,12.83
2019/11/30,15.45
2019/12/1,27.52
2019/12/2,32.27
2019/12/3,22.73
2019/12/4,53.21
2019/12/5,9.68
2019/12/6,50.57
2019/12/7,139.17
2019/12/8,161.06
2019/12/9,108.72
2019/12/10,34.64
2019/12/11,28.41
2019/12/12,65.49
2019/12/13,140.27
2019/12/14,102.73
2019/12/15,207.09
2019/12/16,32.18
2019/12/17,156.8
2019/12/18,47.19
2019/12/19,19.49
2019/12/20,43.7
2019/12/21,87.32
2019/12/22,128.36
2019/12/23,16.18
2019/12/24,14.16
2019/12/25,57.05
2019/12/26,51.04
2019/12/27,111.94
2019/12/28,193.91
2019/12/29,234.03
2019/12/30,99.74
2019/12/31,92.54
2020/1/1,195.39
2020/1/2,109.58
2020/1/3,68.11
2020/1/4,217.28
2020/1/5,250.16
2020/1/6,101.33
2020/1/7,94.95
2020/1/8,105.29
2020/1/9,29.81
2020/1/10,10.3
2020/1/11,58.15
2020/1/12,55.74
2020/1/13,62.42
2020/1/14,68.85
2020/1/15,111.13
2020/1/16,40.2
2020/1/17,53.72
2020/1/18,14.65
2020/1/19,127.76
2020/1/20,54.04
2020/1/21,12.1
2020/1/22,19.3
2020/1/23,58.59
2020/1/24,42.43
2020/1/25,44.26
2020/1/26,83.34
2020/1/27,102.15
2020/1/28,177.55
2020/1/29,46.53
2020/1/30,137.4
2020/1/31,248.36
2020/2/1,114.64
2020/2/2,54.86
2020/2/3,108.64
2020/2/4,70.54
2020/2/5,92.92
2020/2/6,58.53
2020/2/7,53.44
2020/2/8,57.62
2020/2/9,27.2
2020/2/10,61.57
2020/2/11,34.36
2020/2/12,63.33
2020/2/13,39.25
2020/2/14,52.49
2020/2/15,86.21
2020/2/16,53.12
2020/2/17,66.68
2020/2/18,35.85
2020/2/19,101.92
2020/2/20,77.78
2020/2/21,82.92
2020/2/22,28.2
2020/2/23,65.33
2020/2/24,93.18
2020/2/25,388.12
2020/2/26,109.69
2020/2/27,212.21
2020/2/28,360.14
2020/2/29,647.86
2020/3/1,199.5
2020/3/2,201.53
2020/3/3,325.54
2020/3/4,323.56
2020/3/5,197.17
2020/3/6,255.77
2020/3/7,209.87
2020/3/8,394.79
2020/3/9,509.19
2020/3/10,822.47
2020/3/11,357.24
2020/3/12,321.78
2020/3/13,409.89
2020/3/14,590.13
2020/3/15,1229.76
2020/3/16,453.25
2020/3/17,623.11
2020/3/18,494.46
2020/3/19,621.34
2020/3/20,939.58
2020/3/21,429.25
2020/3/22,889.94
2020/3/23,491.15
2020/3/24,358.79
2020/3/25,435.62
2020/3/26,712.53
2020/3/27,396.87
2020/3/28,423.85
2020/3/29,678.59
2020/3/30,183.67
2020/3/31,286.15
2020/4/1,370.87
2020/4/2,393.89
2020/4/3,207.65
2020/4/4,214.98
2020/4/5,753.44
2020/4/6,364.22
2020/4/7,463.95
2020/4/8,285.79
2020/4/9,203.41
2020/4/10,330.69
2020/4/11,376.38
2020/4/12,559
2020/4/13,311.21
2020/4/14,178.24
2020/4/15,179.98
2020/4/16,173.1
2020/4/17,240.98
2020/4/18,188.61
2020/4/19,514.86
2020/4/20,241.9
2020/4/21,270.74
2020/4/22,211.44
2020/4/23,314.33
2020/4/24,212.75
2020/4/25,322.31
2020/4/26,601.63
2020/4/27,544.81
2020/4/28,406.83
2020/4/29,215.48
2020/4/30,297.41
2020/5/1,199.13
2020/5/2,369.69
2020/5/3,315.76
2020/5/4,242.89
2020/5/5,222.51
2020/5/6,143.03
2020/5/7,322.31
2020/5/8,135.65
2020/5/9,122.9
2020/5/10,159.93
2020/5/11,377.59
2020/5/12,156.51
2020/5/13,176.04
2020/5/14,241.45
2020/5/15,190.15
2020/5/16,291.43
2020/5/17,322.95
2020/5/18,268.63
2020/5/19,251.24
2020/5/20,301.2
2020/5/21,34.27
2020/5/22,150.51
2020/5/23,163.44
2020/5/24,287.03
2020/5/25,195.34
2020/5/26,124.61
2020/5/27,267.67
2020/5/28,132.94
2020/5/29,106.19
2020/5/30,349.86
2020/5/31,576.88
2020/6/1,35.02
2020/6/2,60.54
2020/6/3,91.94
2020/6/4,21.68
2020/6/5,242.01
2020/6/6,88.82
2020/6/7,272.81
2020/6/8,223.07
2020/6/9,181.38
2020/6/10,100.37
2020/6/11,286.11
2020/6/12,243.69
2020/6/13,163.33
2020/6/14,198.75
2020/6/15,262.83
2020/6/16,338.43
2020/6/17,178.47
2020/6/18,60.56
2020/6/19,104.01
2020/6/20,178.06
2020/6/21,194.44
2020/6/22,208.2
2020/6/23,111.95
2020/6/24,90.63
2020/6/25,96.75
2020/6/26,193.43
2020/6/27,271.94
2020/6/28,297.98
2020/6/29,188.51
2020/6/30,233.01
2020/7/1,99.85
2020/7/2,48.56
2020/7/3,91.41
2020/7/4,96.1
2020/7/5,334.64
2020/7/6,173.51
2020/7/7,179.41
2020/7/8,104.79
2020/7/9,60.54
2020/7/10,52.36
2020/7/11,17.84
2020/7/12,280.77
2020/7/13,167.4
2020/7/14,96.02
2020/7/15,154.34
2020/7/16,131.3
2020/7/17,128.96
2020/7/18,92.83
2020/7/19,504.06
2020/7/20,169.39
2020/7/21,70.37
2020/7/22,93.11
2020/7/23,47.78
2020/7/24,165.1
2020/7/25,104.96
2020/7/26,196.03
2020/7/27,310.6
2020/7/28,39.47
2020/7/29,117.5
2020/7/30,140.52
2020/7/31,89.35
2020/8/1,53.33
2020/8/2,203.75
2020/8/3,106.74
2020/8/4,156.05
2020/8/5,166.7
2020/8/6,92.26
2020/8/7,50.98
2020/8/8,107.06
2020/8/9,147.27
2020/8/10,163.97
2020/8/11,134.69
2020/8/12,110.59
2020/8/13,70.69
2020/8/14,90.78
2020/8/15,53.26
2020/8/16,64.95
2020/8/17,230.08
2020/8/18,214.21
2020/8/19,133.54
2020/8/20,80.68
2020/8/21,75.09
2020/8/22,121.27
2020/8/23,233.94
2020/8/24,105.15
2020/8/25,40.07
2020/8/26,120.41
2020/8/27,69.39
2020/8/28,75.27
2020/8/29,209.88
2020/8/30,57.62
2020/8/31,88.79
2020/9/1,104.85
2020/9/2,96.89
2020/9/3,148.25
2020/9/4,134.77
2020/9/5,67.79
2020/9/6,251.12
2020/9/7,51.6
2020/9/8,57.61
2020/9/9,129.44
2020/9/10,91.61
2020/9/11,83.77
2020/9/12,114.91
2020/9/13,341.22
2020/9/14,224.86
2020/9/15,179.94
2020/9/16,200.05
2020/9/17,188.28
2020/9/18,72.64
2020/9/19,82.01
2020/9/20,377.51
2020/9/21,51.8
2020/9/22,114.59
2020/9/23,52.99
2020/9/24,79.39
2020/9/25,192.7
2020/9/26,64.4
2020/9/27,169.57
2020/9/28,231.34
2020/9/29,141.05
2020/9/30,146.85
2020/10/1,65.93
2020/10/2,154.89
2020/10/3,95.81
2020/10/4,168.52
2020/10/5,68.47
2020/10/6,271.02
2020/10/7,136.16
2020/10/8,67.32
2020/10/9,153.93
2020/10/10,160.31
2020/10/11,326.89
2020/10/12,253.52
2020/10/13,77.31
2020/10/14,183.8
2020/10/15,76.31
2020/10/16,35.89
2020/10/17,81.35
2020/10/18,351.97
2020/10/19,159.23
2020/10/20,127.99
2020/10/21,82.99
2020/10/22,77.08
2020/10/23,140.59
2020/10/24,185.35
2020/10/25,151.72
2020/10/26,220.99
2020/10/27,105.24
2020/10/28,163.91
2020/10/29,239.34
2020/10/30,434.66
2020/10/31,340.99
2020/11/1,178.33
2020/11/2,219.96
2020/11/3,70.42
2020/11/4,245.86
2020/11/5,204.6
2020/11/6,99.96
2020/11/7,146.37
2020/11/8,79.28
2020/11/9,90.23
2020/11/10,51.71
2020/11/11,193.96
2020/11/12,287.93
2020/11/13,50
2020/11/14,96.07
2020/11/15,147.77
2020/11/16,126.28
2020/11/17,66.24
2020/11/18,54.92
2020/11/19,63.19
2020/11/20,86.34
2020/11/21,83
2020/11/22,227.7
2020/11/23,277.39
2020/11/24,256.75
2020/11/25,351.65
2020/11/26,89.91
2020/11/27,72.75
2020/11/28,35.57
2020/11/29,90.49
2020/11/30,161.98
2020/12/1,79.16
2020/12/2,32.94
2020/12/3,23.74
2020/12/4,12.2
2020/12/5,33.01
2020/12/6,79.62
2020/12/7,122.81
2020/12/8,53.54
2020/12/9,66.52
2020/12/10,35.36
2020/12/11,60.71
2020/12/12,81.71
2020/12/13,314.2
2020/12/14,89.54
2020/12/15,65.98
2020/12/16,21.32
2020/12/17,59.1
2020/12/18,77.51
2020/12/19,34.23
2020/12/20,228.01
2020/12/21,35.35
2020/12/22,28.13
2020/12/23,24.47
2020/12/24,14.8
2020/12/25,51.32
2020/12/26,42.06
2020/12/27,125.67
2020/12/28,151.78
2020/12/29,101.83
2020/12/30,99.19
2020/12/31,42.09
2021/1/1,185.18
2021/1/2,58.08
2021/1/3,191.72
2021/1/4,105.18
2021/1/5,107.27
2021/1/6,190.29
2021/1/7,121.55
2021/1/8,75.23
2021/1/9,33.94
2021/1/10,259.64
2021/1/11,176.98
2021/1/12,157.24
2021/1/13,53.88
2021/1/14,46.44
2021/1/15,84.08
2021/1/16,51.87
2021/1/17,162.91
2021/1/18,40.01
2021/1/19,40.8
2021/1/20,22.03
2021/1/21,48.44
2021/1/22,12.4
2021/1/23,85.69
2021/1/24,184.49
2021/1/25,17.74
2021/1/26,186.19
2021/1/27,188.69
2021/1/28,141.53
2021/1/29,85.59
2021/1/30,67.35
2021/1/31,108.71
2021/2/1,104.12
2021/2/2,121.21
2021/2/3,64.27
2021/2/4,77.71
2021/2/5,70.65
2021/2/6,16.58
2021/2/7,31.1
2021/2/8,116.37
2021/2/9,79.27
2021/2/10,55.35
2021/2/11,46.27
2021/2/12,62.28
2021/2/13,165.14
2021/2/14,146.03
2021/2/15,96.23
2021/2/16,71.24
2021/2/17,11.25
2021/2/18,119
2021/2/19,12.29
2021/2/20,67.09
2021/2/21,49.06
2021/2/22,16.66
2021/2/23,91.57
2021/2/24,63.68
2021/2/25,45.56
2021/2/26,49.19
2021/2/27,16.21
2021/2/28,144.43
2021/3/1,170.05
2021/3/2,25.9
2021/3/3,43.87
2021/3/4,33.79
2021/3/5,174.67
2021/3/6,182.86
2021/3/7,32.67
2021/3/8,121.6
2021/3/9,13.13
2021/3/10,33
2021/3/11,173.5
2021/3/12,36.88
2021/3/13,16.9
2021/3/14,67.28
2021/3/15,52.9
2021/3/16,13.66
2021/3/17,67.96
2021/3/18,46.48
2021/3/19,62.32
2021/3/20,32.76
2021/3/21,64.51
2021/3/22,51.94
2021/3/23,13.5
2021/3/24,111.46
2021/3/25,35.28
2021/3/26,37.47
2021/3/27,33.64
2021/3/28,126.88
2021/3/29,17.37
2021/3/30,13.42
2021/3/31,67.74
2021/4/1,118.55
2021/4/2,51.39
2021/4/3,124.9
2021/4/4,125.31
2021/4/5,18.45
2021/4/6,41.76
2021/4/7,44.49
2021/4/8,58.53
2021/4/9,113.9
2021/4/10,70.17
2021/4/11,240.63
2021/4/12,55.01
2021/4/13,40.8
2021/4/14,32.2
2021/4/15,22.77
2021/4/16,50.96
2021/4/17,84.18
2021/4/18,33.95
2021/4/19,121.44
2021/4/20,39.79
2021/4/21,33.63
2021/4/22,58.7
2021/4/23,136.04
2021/4/24,67.87
2021/4/25,66.6
2021/4/26,121.14
2021/4/27,13.32
2021/4/28,75.77
2021/4/29,68.15
2021/4/30,50.17
2021/5/1,84.32
2021/5/2,67.49
2021/5/3,105.06
2021/5/4,41.33
2021/5/5,22.81
2021/5/6,23.76
2021/5/7,25.68
2021/5/8,17.88
2021/5/9,136.11
2021/5/10,53.73
2021/5/11,41.19
2021/5/12,10.97
2021/5/13,11.46
2021/5/14,12.65
2021/5/15,17.85
2021/5/16,51.54
2021/5/17,35.94
2021/5/18,67.26
2021/5/19,111.45
2021/5/20,119.84
2021/5/21,106.1
2021/5/22,53.72
2021/5/23,171.51
2021/5/24,17.97
2021/5/25,96.49
2021/5/26,11.13
2021/5/27,11.65
2021/5/28,12.98
2021/5/29,36.56
2021/5/30,34.58
2021/5/31,28.22
2021/6/1,15.62
2021/6/2,23.3
2021/6/3,48.38
2021/6/4,25.76
2021/6/5,55.24
2021/6/6,68.2
2021/6/7,18.46
2021/6/8,58.35
2021/6/9,104.71
2021/6/10,23.33
2021/6/11,38.85
2021/6/12,37.51
2021/6/13,53.47
2021/6/14,127.87
2021/6/15,101.53
2021/6/16,72.42
2021/6/17,50.22
2021/6/18,80.87
2021/6/19,18.95
2021/6/20,204.83
2021/6/21,38.46
2021/6/22,14.72
2021/6/23,24.6
2021/6/24,24.95
2021/6/25,13.7
2021/6/26,19.37
2021/6/27,110.52
2021/6/28,38.74
2021/6/29,15.22
2021/6/30,49.07
2021/7/1,25.94
2021/7/2,14.18
2021/7/3,19.87
2021/7/4,55.28
2021/7/5,109.38
2021/7/6,34.18
2021/7/7,38.01
2021/7/8,38.62
2021/7/9,14.01
2021/7/10,80.72
2021/7/11,366.23
2021/7/12,40.16
2021/7/13,61.89
2021/7/14,24.98
2021/7/15,13.2
2021/7/16,110.66
2021/7/17,237.65
2021/7/18,89.34
2021/7/19,39.31
2021/7/20,62.83
2021/7/21,85.79
2021/7/22,38.21
2021/7/23,13.58
2021/7/24,19.72
2021/7/25,86.41
2021/7/26,19.48
2021/7/27,87.54
2021/7/28,110.3
2021/7/29,38.28
2021/7/30,40.66
2021/7/31,19.45
2021/8/1,176.01
2021/8/2,19.41
2021/8/3,14.74
2021/8/4,47.53
2021/8/5,99.84
2021/8/6,13.48
2021/8/7,19.16
2021/8/8,17.72
2021/8/9,138.86
2021/8/10,28.72
2021/8/11,72.58
2021/8/12,76.19
2021/8/13,13.42
2021/8/14,19.49
2021/8/15,208.91
2021/8/16,38.74
2021/8/17,201.68
2021/8/18,69.6
2021/8/19,49.09
2021/8/20,13.35
2021/8/21,18.77
2021/8/22,206.35
2021/8/23,76.03
2021/8/24,28.87
2021/8/25,81.17
2021/8/26,12.16
2021/8/27,12.27
2021/8/28,17.01
2021/8/29,16.35
2021/8/30,18.79
2021/8/31,42.85
2021/9/1,11.2
2021/9/2,48.52
2021/9/3,49.37
2021/9/4,17.46
2021/9/5,69.33
2021/9/6,58.87
2021/9/7,126.12
2021/9/8,81.45
2021/9/9,58.05
2021/9/10,11.95
2021/9/11,31.98
2021/9/12,139.01
2021/9/13,160.7
2021/9/14,166.79
2021/9/15,11.36
2021/9/16,35.72
2021/9/17,12.28
2021/9/18,16.89
2021/9/19,16.18
2021/9/20,146.94
2021/9/21,281.83
2021/9/22,172.2
2021/9/23,23.55
2021/9/24,24.3
2021/9/25,33.81
2021/9/26,96.49
2021/9/27,143.59
2021/9/28,41.99
2021/9/29,44.72
2021/9/30,68.98
2021/10/1,70.87
2021/10/2,66.7
2021/10/3,15.73
2021/10/4,107.13
2021/10/5,13.6
2021/10/6,102.87
2021/10/7,82.45
2021/10/8,36.59
2021/10/9,33.94
2021/10/10,16.15
2021/10/11,18.88
2021/10/12,28.43
2021/10/13,45.33
2021/10/14,11.43
2021/10/15,37.07
2021/10/16,32.9
2021/10/17,215.27
2021/10/18,18.44
2021/10/19,14.05
2021/10/20,22.61
2021/10/21,92.46
2021/10/22,12.25
2021/10/23,16.72
2021/10/24,65.43
2021/10/25,54.32
2021/10/26,69.58
2021/10/27,101.17
2021/10/28,57.06
2021/10/29,24.12
2021/10/30,16.28
2021/10/31,16.15
2021/11/1,127.18
2021/11/2,26.74
2021/11/3,216.7
2021/11/4,187.34
2021/11/5,215.79
2021/11/6,301.82
2021/11/7,338.45
2021/11/8,358.99
2021/11/9,257.17
2021/11/10,22.6
2021/11/11,12.28
2021/11/12,12.64
2021/11/13,17.24
2021/11/14,79.85
2021/11/15,99.72
2021/11/16,42.1
2021/11/17,57.79
2021/11/18,35.75
2021/11/19,25.16
2021/11/20,17.25
2021/11/21,48.19
2021/11/22,18.56
2021/11/23,28.81
2021/11/24,12.72
2021/11/25,38.3
2021/11/26,45.48
2021/11/27,213.71
2021/11/28,154.74
2021/11/29,54.3
2021/11/30,111.66
2021/12/1,113.42
2021/12/2,106.94
2021/12/3,180.95
2021/12/4,162.43
2021/12/5,16.96
2021/12/6,18.39
2021/12/7,70.19
2021/12/8,23.7
2021/12/9,24.22
2021/12/10,52.19
2021/12/11,111.82
2021/12/12,191.41
2021/12/13,18.87
2021/12/14,43.16
2021/12/15,35.71
2021/12/16,62.91
2021/12/17,159.57
2021/12/18,36.82
2021/12/19,84.68
2021/12/20,58.79
2021/12/21,134.62
2021/12/22,135.63
2021/12/23,66.7
2021/12/24,81.14
2021/12/25,333.57
2021/12/26,366.06
2021/12/27,218.69
2021/12/28,49.81
2021/12/29,57.65
2021/12/30,86.41
2021/12/31,120.62
2022/1/1,222.61
2022/1/2,120.22
2022/1/3,112.25
2022/1/4,33.62
2022/1/5,42.88
2022/1/6,86.93
2022/1/7,20.1
2022/1/8,45.76
2022/1/9,90.78
2022/1/10,100.45
2022/1/11,21.43
2022/1/12,225.35
2022/1/13,83.55
2022/1/14,115.98
2022/1/15,76.9
2022/1/16,168.53
2022/1/17,34.02
2022/1/18,33.69
2022/1/19,8.13
2022/1/20,49.95
2022/1/21,87.59
2022/1/22,61.26
2022/1/23,61.37
2022/1/24,73.26
2022/1/25,234.53
2022/1/26,144.59
2022/1/27,169.89
2022/1/28,48.52
2022/1/29,110.78
2022/1/30,306.93
2022/1/31,157.03
2022/2/1,136.45
2022/2/2,171.84
2022/2/3,115.14
2022/2/4,39.3
2022/2/5,30.89
2022/2/6,137.03
2022/2/7,28.42
2022/2/8,10.51
2022/2/9,31.37
2022/2/10,49.65
2022/2/11,59.3
2022/2/12,119.68
2022/2/13,131.51
2022/2/14,114.88
2022/2/15,42.75
2022/2/16,38.92
2022/2/17,66.56
2022/2/18,133.01
2022/2/19,91.75
2022/2/20,122.3
2022/2/21,63.24
2022/2/22,34.09
2022/2/23,73.48
2022/2/24,85.22
2022/2/25,168.78
2022/2/26,216.87
2022/2/27,136.23
2022/2/28,73.7
2022/3/1,84.97
2022/3/2,121.46
2022/3/3,164.71
2022/3/4,58.61
2022/3/5,108.12
2022/3/6,104.01
2022/3/7,56.91
2022/3/8,143.3
2022/3/9,107.69
2022/3/10,142.35
2022/3/11,188.09
2022/3/12,112.77
2022/3/13,227.64
2022/3/14,246.05
2022/3/15,91.68
2022/3/16,93.49
2022/3/17,111.31
2022/3/18,122.22
2022/3/19,84.36
2022/3/20,172.07
2022/3/21,153.11
2022/3/22,69.19
2022/3/23,98.22
2022/3/24,70.71
2022/3/25,102.17
2022/3/26,137.25
2022/3/27,258.25
2022/3/28,119.08
2022/3/29,184.66
2022/3/30,110.86
2022/3/31,96.02
2022/4/1,69.12
2022/4/2,33.04
2022/4/3,47.36
2022/4/4,58.15
2022/4/5,101.63
2022/4/6,128.5
2022/4/7,78.46
2022/4/8,20.62
2022/4/9,81.69
2022/4/10,295.73
2022/4/11,193.19
2022/4/12,34.16
2022/4/13,51.43
2022/4/14,103.15
2022/4/15,41.63
2022/4/16,34.83
2022/4/17,32.7
2022/4/18,76.98
2022/4/19,239.84
2022/4/20,75.77
2022/4/21,69.98
2022/4/22,90.54
2022/4/23,66.02
2022/4/24,45.49
2022/4/25,131.45
2022/4/26,44.42
2022/4/27,33.48
2022/4/28,60.13
2022/4/29,131.51
2022/4/30,327.42
2022/5/1,113.96
2022/5/2,73.17
2022/5/3,110.17
2022/5/4,199.17
2022/5/5,130.68
2022/5/6,250.97
2022/5/7,67.62
2022/5/8,277.25
2022/5/9,129.57
2022/5/10,112.36
2022/5/11,92.85
2022/5/12,68.63
2022/5/13,120.14
2022/5/14,94.75
2022/5/15,94.39
2022/5/16,57.32
2022/5/17,22.37
2022/5/18,125.3
2022/5/19,131.05
2022/5/20,149.55
2022/5/21,200.66
2022/5/22,167.08
2022/5/23,179.29
2022/5/24,92.7
2022/5/25,172.07
2022/5/26,166.85
2022/5/27,231.82
2022/5/28,32.78
2022/5/29,165.64
2022/5/30,48.78
2022/5/31,25.72
2022/6/1,69.88
2022/6/2,116.11
2022/6/3,81.92
2022/6/4,16.62
2022/6/5,60.22
2022/6/6,45.61
2022/6/7,69.52
2022/6/8,61.53
2022/6/9,113.22
2022/6/10,92.05
2022/6/11,35.14
2022/6/12,95.94
2022/6/13,93.86
2022/6/14,35.2
2022/6/15,53.8
2022/6/16,152.05
2022/6/17,70.87
2022/6/18,85.74
2022/6/19,152.69
2022/6/20,33.32
2022/6/21,98.16
2022/6/22,118.73
2022/6/23,55
2022/6/24,84.02
2022/6/25,68.51
2022/6/26,276.25
2022/6/27,80.28
2022/6/28,72.94
2022/6/29,52.98
2022/6/30,172.69
2022/7/1,188.65
2022/7/2,34.45
2022/7/3,51.31
2022/7/4,109.05
2022/7/5,56.09
2022/7/6,77.5
2022/7/7,95.37
2022/7/8,74.24
2022/7/9,55.05
2022/7/10,114.31
2022/7/11,33.04
2022/7/12,61.95
2022/7/13,46.66
2022/7/14,141.31
2022/7/15,107.08
2022/7/16,55.19
2022/7/17,133.23
2022/7/18,48.3
2022/7/19,108.18
2022/7/20,149.94
2022/7/21,119.9
2022/7/22,115.32
2022/7/23,106.76
2022/7/24,150.93
2022/7/25,79.82
2022/7/26,50.23
2022/7/27,194.15
2022/7/28,180.36
2022/7/29,86.11
2022/7/30,54.47
2022/7/31,115.53
2022/8/1,265.4
2022/8/2,60.94
2022/8/3,125.84
2022/8/4,104.16
2022/8/5,126.28
2022/8/6,90.02
2022/8/7,165.08
2022/8/8,259.28
2022/8/9,87.15
2022/8/10,120.54
2022/8/11,141.42
2022/8/12,106.87
2022/8/13,74.14
2022/8/14,50.45
2022/8/15,111.66
2022/8/16,59.72
2022/8/17,99.81
2022/8/18,9.12
2022/8/19,114.81
2022/8/20,114.9
2022/8/21,128.43
2022/8/22,446.93
2022/8/23,58.62
2022/8/24,70.68
2022/8/25,79.66
2022/8/26,58.58
2022/8/27,47.79
2022/8/28,61.43
2022/8/29,105.7
2022/8/30,127.62
2022/8/31,85.8
2022/9/1,42.39
2022/9/2,36.42
2022/9/3,14.56
2022/9/4,206.11
2022/9/5,46.61
2022/9/6,60.81
2022/9/7,96.27
2022/9/8,38.83
2022/9/9,47.57
2022/9/10,28.75
2022/9/11,29.05
2022/9/12,186.29
2022/9/13,22
2022/9/14,33.52
2022/9/15,181.06
2022/9/16,73.17
2022/9/17,160.71
2022/9/18,145.85
2022/9/19,14.36
2022/9/20,65.92
2022/9/21,106.16
2022/9/22,171.54
2022/9/23,121.27
2022/9/24,28.94
2022/9/25,58.94
2022/9/26,85.1
2022/9/27,145.78
2022/9/28,142.8
2022/9/29,34.05
2022/9/30,102.04
2022/10/1,42.71
2022/10/2,542.1
2022/10/3,171.21
2022/10/4,164.15
2022/10/5,210.92
2022/10/6,77.47
2022/10/7,28.39
2022/10/8,103.93
2022/10/9,197.14
2022/10/10,74.79
2022/10/11,22.91
2022/10/12,50.15
2022/10/13,50.96
2022/10/14,258.67
2022/10/15,72.37
2022/10/16,58.25
2022/10/17,56.99
2022/10/18,43.13
2022/10/19,67.88
2022/10/20,83.43
2022/10/21,9.46
2022/10/22,14.74
2022/10/23,99.57
2022/10/24,157.87
2022/10/25,122.36
2022/10/26,133.09
2022/10/27,196.18
2022/10/28,137.82
2022/10/29,14.45
2022/10/30,86.98
2022/10/31,213.24
2022/11/1,185.79
2022/11/2,41.91
2022/11/3,110.46
2022/11/4,46.27
2022/11/5,29.3
2022/11/6,160.95
2022/11/7,169.53
2022/11/8,112.58
2022/11/9,134.89
2022/11/10,97.71
2022/11/11,39.43
2022/11/12,61.99
2022/11/13,257.88
2022/11/14,264.1
2022/11/15,69
2022/11/16,242.28
2022/11/17,147.22
2022/11/18,143.64
2022/11/19,170.14
2022/11/20,180.72
2022/11/21,161.84
2022/11/22,320.98
2022/11/23,224.08
2022/11/24,197.36
2022/11/25,63.12
2022/11/26,168.28
2022/11/27,148.03
2022/11/28,187.46
2022/11/29,22.87
2022/11/30,52.87
2022/12/1,78.72
2022/12/2,9.8
2022/12/3,31.67
2022/12/4,106.61
2022/12/5,225.32
2022/12/6,56.08
2022/12/7,76.71
2022/12/8,95.78
2022/12/9,120.84
2022/12/10,161.95
2022/12/11,92.9
2022/12/12,104.44
2022/12/13,46.18
2022/12/14,88.71
2022/12/15,80.71
2022/12/16,97.13
2022/12/17,48.07
2022/12/18,114.73
2022/12/19,46.11
2022/12/20,96.36
2022/12/21,35.43
2022/12/22,116.9
2022/12/23,35.07
2022/12/24,58.46
2022/12/25,157.97
2022/12/26,79.46
2022/12/27,99.03
2022/12/28,123.64
2022/12/29,82.15
2022/12/30,131.67
2022/12/31,206.74
2023/1/1,196.53
2023/1/2,93.41
2023/1/3,49.69
2023/1/4,62.04
2023/1/5,292.52
2023/1/6,90.21
2023/1/7,194.97
2023/1/8,248.66
2023/1/9,72.12
2023/1/10,904.65
2023/1/11,154.5
2023/1/12,229.38
2023/1/13,99.05
2023/1/14,31.2
2023/1/15,277.58
2023/1/16,67.86
2023/1/17,114.29
2023/1/18,109.52
2023/1/19,34
2023/1/20,207.69
2023/1/21,141.88
2023/1/22,77.63
2023/1/23,301.34
2023/1/24,249.54
2023/1/25,273.12
2023/1/26,43.55
2023/1/27,117.38
2023/1/28,47.75
2023/1/29,125.45
2023/1/30,196.65
2023/1/31,176.14
2023/2/1,206.28
2023/2/2,249.98
2023/2/3,30.57
2023/2/4,65.95
2023/2/5,47.91
2023/2/6,317.77
2023/2/7,256.58
2023/2/8,108.98
2023/2/9,122.55
2023/2/10,30.45
2023/2/11,188.18
2023/2/12,15.92
2023/2/13,14.21
2023/2/14,139.24
2023/2/15,216.26
2023/2/16,67.3
2023/2/17,47.78
2023/2/18,179.9
2023/2/19,78.54
2023/2/20,31.25
2023/2/21,113.89
2023/2/22,41.15
2023/2/23,163.06
2023/2/24,85.09
2023/2/25,45.89
2023/2/26,14.69
2023/2/27,13.77
2023/2/28,10.58
2023/3/1,96.62
2023/3/2,243.76
2023/3/3,64.1
2023/3/4,43.48
2023/3/5,158.83
2023/3/6,13.77
2023/3/7,246.45
2023/3/8,16.43
2023/3/9,25.43
2023/3/10,337.36
2023/3/11,265.47
2023/3/12,42.01
2023/3/13,239.5
2023/3/14,74.82
2023/3/15,65.92
2023/3/16,271.32
2023/3/17,78.3
2023/3/18,32.77
2023/3/19,97.28
2023/3/20,148.86
2023/3/21,76.14
2023/3/22,189.59
2023/3/23,341.16
2023/3/24,248.86
2023/3/25,168.52
2023/3/26,218.28
2023/3/27,133.66
2023/3/28,222.47
2023/3/29,139.25
2023/3/30,168.79
2023/3/31,98.47
2023/4/1,124.12
2023/4/2,248.19
2023/4/3,105.28
2023/4/4,145.63
2023/4/5,146.5
2023/4/6,24.48
2023/4/7,50.5
2023/4/8,139.98
2023/4/9,81.15
2023/4/10,55.68
2023/4/11,182.49
2023/4/12,88.1
2023/4/13,188.66
2023/4/14,20.06
2023/4/15,16.54
2023/4/16,149.85
2023/4/17,94.36
2023/4/18,72.93
2023/4/19,177.38
2023/4/20,8.38
2023/4/21,188.08
2023/4/22,78.59
2023/4/23,47.87
2023/4/24,274.86
2023/4/25,62.58
2023/4/26,92.5
2023/4/27,301.22
2023/4/28,27.44
2023/4/29,14.51
2023/4/30,192.86
2023/5/1,38.5
2023/5/2,542.55
2023/5/3,146.93
2023/5/4,145.94
2023/5/5,19.63
2023/5/6,45.73
2023/5/7,112.04
2023/5/8,540.52
2023/5/9,71.35
2023/5/10,7.6
2023/5/11,172.4
2023/5/12,67.25
2023/5/13,62.52
2023/5/14,108.86
2023/5/15,104.07
2023/5/16,10.36
2023/5/17,23.53
2023/5/18,293.47
2023/5/19,68.3
2023/5/20,287.15
2023/5/21,125.42
2023/5/22,902.81
2023/5/23,52.84
2023/5/24,55.97
2023/5/25,32.44
2023/5/26,289.17
2023/5/27,46.92
2023/5/28,47.55
2023/5/29,42.21
2023/5/30,23.32
2023/5/31,220.41
2023/6/1,24.44
2023/6/2,90.46
2023/6/3,60.4
2023/6/4,60.88
2023/6/5,26.86
2023/6/6,21.92
2023/6/7,24.66
2023/6/8,180.41
2023/6/9,19.08
2023/6/10,46.11
2023/6/11,15.8
2023/6/12,240.04
2023/6/13,10.79
2023/6/14,24.7
2023/6/15,93.19
2023/6/16,29.71
2023/6/17,32.21
2023/6/18,78.98
2023/6/19,48.49
2023/6/20,55.94
2023/6/21,94.41
2023/6/22,17.36
2023/6/23,19.43
2023/6/24,15.66
2023/6/25,297.76
2023/6/26,268.82
2023/6/27,67.19
2023/6/28,96.04
2023/6/29,25.8
2023/6/30,68.45
2023/7/1,60.77
2023/7/2,68.48
2023/7/3,15.59
2023/7/4,19.96
2023/7/5,40.04
2023/7/6,8.92
2023/7/7,10.23
2023/7/8,15.93
2023/7/9,154.39
2023/7/10,44.09
2023/7/11,11.03
2023/7/12,45.04
2023/7/13,164.72
2023/7/14,427.76
2023/7/15,77.55
2023/7/16,52.05
2023/7/17,58.49
2023/7/18,11.4
2023/7/19,52.99
2023/7/20,389.07
2023/7/21,50.49
2023/7/22,46.02
2023/7/23,17.81
2023/7/24,29.2
2023/7/25,22.03
2023/7/26,89.06
2023/7/27,43.15
2023/7/28,176.89
2023/7/29,74.85
2023/7/30,205.34
2023/7/31,255.77
2023/8/1,247.71
2023/8/2,8.87
2023/8/3,214.88
2023/8/4,49.7
2023/8/5,30.71
2023/8/6,34.45
2023/8/7,14.15
2023/8/8,10.92
2023/8/9,26.45
2023/8/10,17.49
2023/8/11,132.1
2023/8/12,14.8
2023/8/13,16.81
2023/8/14,239.9
2023/8/15,43.08
2023/8/16,35.52
2023/8/17,25.06
2023/8/18,19.39
2023/8/19,28.57
2023/8/20,113.03
2023/8/21,273.32
2023/8/22,21.28
2023/8/23,222.43
2023/8/24,16.06
2023/8/25,9.25
2023/8/26,51.65
2023/8/27,15.96
2023/8/28,13.15
2023/8/29,10.09
2023/8/30,33.47
2023/8/31,8.13
2023/9/1,26.59
2023/9/2,24.76
2023/9/3,16.97
2023/9/4,173.42
2023/9/5,10.89
2023/9/6,41.42
2023/9/7,39.24
2023/9/8,203.38
2023/9/9,12.33
2023/9/10,76.86
2023/9/11,126.9
2023/9/12,125.65
2023/9/13,141.23
2023/9/14,31.7
2023/9/15,44
2023/9/16,38.08
2023/9/17,15.14
2023/9/18,38.66
2023/9/19,19.75
2023/9/20,48.34
2023/9/21,23.3
2023/9/22,8.64
2023/9/23,37.93
2023/9/24,14.83
2023/9/25,12.86
2023/9/26,30.54
2023/9/27,112.54
2023/9/28,23.19
2023/9/29,8.51
2023/9/30,12.45
2023/10/1,45.1
2023/10/2,25.28
2023/10/3,10.14
2023/10/4,24.29
2023/10/5,7.87
2023/10/6,129.95
2023/10/7,26.07
2023/10/8,94.88
2023/10/9,152.56
2023/10/10,10.45
2023/10/11,187.74
2023/10/12,55.34
2023/10/13,172.41
2023/10/14,26.4
2023/10/15,892.29
2023/10/16,71.57
2023/10/17,78.94
2023/10/18,32.71
2023/10/19,152.95
2023/10/20,459.79
2023/10/21,291.4
2023/10/22,313.65
2023/10/23,242.75
2023/10/24,29.91
2023/10/25,71.58
2023/10/26,153.1
2023/10/27,227.97
2023/10/28,37.46
2023/10/29,59.36
2023/10/30,356.93
2023/10/31,40.46
2023/11/1,157.53
2023/11/2,48.19
2023/11/3,56.72
2023/11/4,26.07
2023/11/5,44.77
2023/11/6,82.91
2023/11/7,56.79
2023/11/8,297.62
2023/11/9,252.32
2023/11/10,154.34
2023/11/11,56.78
2023/11/12,73.23
2023/11/13,50.85
2023/11/14,9.83
2023/11/15,24.64
2023/11/16,32.65
2023/11/17,508.48
2023/11/18,41.21
2023/11/19,77.72
2023/11/20,37.54
2023/11/21,88.36
2023/11/22,41.22
2023/11/23,27.03
2023/11/24,70.99
2023/11/25,30.53
2023/11/26,100.46
2023/11/27,27.51
2023/11/28,236.49
2023/11/29,76.12
2023/11/30,24.24
2023/12/1,9.16
2023/12/2,13.45
2023/12/3,44.75
2023/12/4,13.44
2023/12/5,280.26
2023/12/6,49.57
2023/12/7,72.51
2023/12/8,94.32
2023/12/9,180.66
2023/12/10,64.75
2023/12/11,55.83
2023/12/12,10.78
2023/12/13,26.01
2023/12/14,33.73
2023/12/15,37.93
2023/12/16,13.64
2023/12/17,49.75
2023/12/18,625.54
2023/12/19,226.39
2023/12/20,43.43
2023/12/21,25.2
2023/12/22,52.53
2023/12/23,351.39
2023/12/24,72.78
2023/12/25,65.06
2023/12/26,116.75
2023/12/27,268.82
2023/12/28,344.24
2023/12/29,94.12
2023/12/30,82.08
2023/12/31,145.24
2024/1/1,52.74
2024/1/2,50.17
2024/1/3,47.39
2024/1/4,142.64
2024/1/5,79.88
2024/1/6,98.94
2024/1/7,143.51
2024/1/8,40.32
2024/1/9,32.32
2024/1/10,35.13
2024/1/11,33.25
2024/1/12,67.25
2024/1/13,13.56
2024/1/14,16.66
2024/1/15,15.02
2024/1/16,56.22
2024/1/17,17.49
2024/1/18,201.24
2024/1/19,367.02
2024/1/20,55.15
2024/1/21,16.95
2024/1/22,251.38
2024/1/23,198.45
2024/1/24,43.09
2024/1/25,158.74
2024/1/26,9.74
2024/1/27,14.12
2024/1/28,47.87
2024/1/29,13.95
2024/1/30,31.56
2024/1/31,16.51
2024/2/1,152.74
2024/2/2,9.65
2024/2/3,27.89
2024/2/4,112.03
2024/2/5,281.84
2024/2/6,30.76
2024/2/7,205.61
2024/2/8,8.07
2024/2/9,18.68
2024/2/10,13.28
2024/2/11,275.83
2024/2/12,303.13
2024/2/13,53.44
2024/2/14,76.07
2024/2/15,185.68
2024/2/16,9.57
2024/2/17,27.75
2024/2/18,16.56
2024/2/19,62.15
2024/2/20,229.63
2024/2/21,292.04
2024/2/22,176.15
2024/2/23,9.92
2024/2/24,245.48
2024/2/25,97.55
2024/2/26,13.35
2024/2/27,205.46
2024/2/28,138.93
2024/2/29,57.22
2024/3/1,9.61
2024/3/2,54.65
2024/3/3,16.05
2024/3/4,341.86
2024/3/5,206.34
2024/3/6,25
2024/3/7,8.27
2024/3/8,19.25
2024/3/9,26.9
2024/3/10,15.69
2024/3/11,13.47
2024/3/12,21.14
2024/3/13,289.93
2024/3/14,16.63
2024/3/15,188.64
2024/3/16,43.36
2024/3/17,32.71
2024/3/18,184.08
2024/3/19,20.99
2024/3/20,82.86
2024/3/21,186.73
2024/3/22,191.79
2024/3/23,57.42
2024/3/24,32.59
2024/3/25,13.94
2024/3/26,288.74
2024/3/27,194.97
2024/3/28,8.65
2024/3/29,51.39
2024/3/30,101.1
2024/3/31,16.78
2024/4/1,40.72
2024/4/2,10.56
2024/4/3,33.85
2024/4/4,17.47
2024/4/5,20.35
2024/4/6,42.57
2024/4/7,65.18
2024/4/8,28.26
2024/4/9,10.8
2024/4/10,17.2
2024/4/11,169.67
2024/4/12,92.48
2024/4/13,29.11
2024/4/14,83.84
2024/4/15,55.51
2024/4/16,52.76
2024/4/17,33.7
2024/4/18,16.66
2024/4/19,20.29
2024/4/20,58.03
2024/4/21,64.83
2024/4/22,13.9
2024/4/23,20.47
2024/4/24,139.47
2024/4/25,296.07
2024/4/26,39.5
2024/4/27,14.14
2024/4/28,48.91
2024/4/29,14.06
2024/4/30,388.11
2024/5/1,169.47
2024/5/2,16.26
2024/5/3,39.01
2024/5/4,57.14
2024/5/5,16.71
2024/5/6,53.6
2024/5/7,10.22
2024/5/8,8.57
2024/5/9,25.37
2024/5/10,10.02
2024/5/11,43.15
2024/5/12,270.91
2024/5/13,27.71
2024/5/14,32.26
2024/5/15,25.31
2024/5/16,25.56
2024/5/17,10.18
2024/5/18,14.51
2024/5/19,68.49
2024/5/20,28.58
2024/5/21,130.76
2024/5/22,18.1
2024/5/23,35.25
2024/5/24,10.87
2024/5/25,30.84
2024/5/26,142.74
2024/5/27,22.96
2024/5/28,24.92
2024/5/29,56.99
2024/5/30,63.15
2024/5/31,21.12
2024/6/1,71.9
2024/6/2,17.02
2024/6/3,44.46
2024/6/4,11.87
2024/6/5,27.82
2024/6/6,9.15
2024/6/7,11.23
2024/6/8,15.9
2024/6/9,36.27
2024/6/10,15.21
2024/6/11,11.98
2024/6/12,122.19
2024/6/13,114.15
2024/6/14,11.12
2024/6/15,49.19
2024/6/16,54.72
2024/6/17,46.53
2024/6/18,23.67
2024/6/19,21.26
2024/6/20,39.35
2024/6/21,11.76
2024/6/22,16.91
2024/6/23,18.48
2024/6/24,15.36
2024/6/25,23.76
2024/6/26,48.78
2024/6/27,9.73
2024/6/28,22.77
2024/6/29,837.6
2024/6/30,229.26
2024/7/1,213.6
2024/7/2,108.83
2024/7/3,77.21
2024/7/4,88.61
2024/7/5,1922.1
2024/7/6,438.61
2024/7/7,54.83
2024/7/8,71.84
2024/7/9,56.27
2024/7/10,39.95
2024/7/11,38.81
2024/7/12,81.49
2024/7/13,192.81
2024/7/14,40.02
2024/7/15,130.85
2024/7/16,36.32
2024/7/17,101.83
2024/7/18,32.98
2024/7/19,49.91
2024/7/20,62.35
2024/7/21,261.61
2024/7/22,56.35
2024/7/23,89.78
2024/7/24,25.98
2024/7/25,72.98
2024/7/26,35.77
2024/7/27,51.21
2024/7/28,38.09
2024/7/29,47.42
2024/7/30,36.15
2024/7/31,9.92
2024/8/1,18.81
2024/8/2,78.91
2024/8/3,16.2
2024/8/4,90.34
2024/8/5,662.9
2024/8/6,427.4
2024/8/7,30.07
2024/8/8,19.7
2024/8/9,57.93
2024/8/10,75.83
2024/8/11,275.53
2024/8/12,123.68
2024/8/13,171.49
2024/8/14,86.93
2024/8/15,392.31
2024/8/16,137.79
2024/8/17,32.62
2024/8/18,126.01
2024/8/19,171.68
2024/8/20,227.03
2024/8/21,29.11
2024/8/22,28.86
2024/8/23,33.35
2024/8/24,47.85
2024/8/25,71.46
2024/8/26,31.2
2024/8/27,12.02
2024/8/28,9.69
2024/8/29,9.81
2024/8/30,128.11
2024/8/31,16.69
2024/9/1,28.68
